account_id,conversation_id,customer_id,payment_customer_id
ACC-001381,CONV-001381,CUST-001081,PAY-CUST-001081
ACC-001900,CONV-001900,CUST-001900,PAY-CUST-001900
ACC-004821,CONV-004821,CUST-004821,PAY-CUST-004821
ACC-009976,CONV-009976,CUST-009976,PAY-CUST-009976
ACC-009977,CONV-009977,CUST-009977,PAY-CUST-009977
ACC-009978,CONV-009978,CUST-009978,PAY-CUST-009978
ACC-009979,CONV-009979,CUST-009979,PAY-CUST-009979
ACC-009980,CONV-009980,CUST-009980,PAY-CUST-009980
ACC-009981,CONV-009981,CUST-009981,PAY-CUST-009981
ACC-009982,CONV-009982,CUST-009982,PAY-CUST-009982
ACC-009983,CONV-009983,CUST-009983,PAY-CUST-009983
ACC-009984,CONV-009984,CUST-009984,PAY-CUST-009984
ACC-009985,CONV-009985,CUST-009985,PAY-CUST-009985
ACC-009986,CONV-009986,CUST-009986,PAY-CUST-009986
ACC-009987,CONV-009987,CUST-009987,PAY-CUST-009987
ACC-009988,CONV-009988,CUST-009988,PAY-CUST-009988
ACC-009989,CONV-009989,CUST-009989,PAY-CUST-009989
ACC-009990,CONV-009990,CUST-009990,PAY-CUST-009990
ACC-009991,CONV-009991,CUST-009991,PAY-CUST-009991
ACC-009992,CONV-009992,CUST-009992,PAY-CUST-009992
ACC-009993,CONV-009993,CUST-009993,PAY-CUST-009993
ACC-009994,CONV-009994,CUST-009994,PAY-CUST-009994
ACC-009995,CONV-009995,CUST-009995,PAY-CUST-009995
ACC-009996,CONV-009996,CUST-009996,PAY-CUST-009996
ACC-009997,CONV-009997,CUST-009997,PAY-CUST-009997
ACC-009998,CONV-009998,CUST-009998,PAY-CUST-009998
ACC-009999,CONV-009999,CUST-009999,PAY-CUST-009999
ACC-010000,CONV-010000,CUST-010000,PAY-CUST-010000
